
/*Insert Data Table: base_user*/
INSERT INTO `base_user` (`base_user_id`, `user_email`, `is_email_verified`, `username`, `user_password`, `is_admin_user`, `is_deleted`, `created_at`, `updated_at`) VALUES
('210cd077-2c7b-4846-a59a-d0af3e35b8c3',	'teste@jmeter.com',	0,	'jmeter',	'$2a$10$SOw54CYPlzU0YpbKKCZk3emMAtAdcF/IOTzjKF.vi.57BiuME0bEu',	0,	0,	'2023-11-27 19:49:04',	'2023-11-27 19:49:04');

/*Insert Data Table: member  user: jmeter password: jmeter*/
INSERT INTO `member` (`member_id`, `member_base_id`, `reputation`, `created_at`, `updated_at`) VALUES
('127a0435-db7b-4156-97c3-df56729e67e7',	'210cd077-2c7b-4846-a59a-d0af3e35b8c3',	0,	'2023-11-27 19:49:05',	'2023-11-27 19:49:05');

/*Insert Data Table: post - 25 posts*/

INSERT INTO `post` (`post_id`, `member_id`, `type`, `title`, `text`, `link`, `slug`, `points`, `total_num_comments`, `created_at`, `updated_at`) VALUES
('090dbb1c-40f9-4ca2-9e50-6bd8cc86a007',	'127a0435-db7b-4156-97c3-df56729e67e7',	'text',	'ullam dolorem saepe',	'Advanced multi-tasking service-desk',	NULL,	'8812193-ullam-dolorem-saepe',	1,	3,	'2023-11-27 20:00:46',	'2023-11-27 20:00:57'),
('0fcefd4e-af1d-463c-8c5c-3541d9755f1a',	'127a0435-db7b-4156-97c3-df56729e67e7',	'text',	'new post number 1',	'<p>new post number 1 new post number 1</p>',	NULL,	'0804814-new-post-number-1',	1,	3,	'2023-11-27 19:49:34',	'2023-11-27 19:49:55'),
('1ae33727-4883-4c81-acbf-6f50d5f65802',	'127a0435-db7b-4156-97c3-df56729e67e7',	'text',	'new post number 6',	'<p>new post number 1new post number 1new post number 1</p>',	NULL,	'5753439-new-post-number-6',	1,	3,	'2023-11-27 19:52:29',	'2023-11-27 19:52:54'),
('25492755-8f21-41f1-98a8-cf6ee13c09e1',	'127a0435-db7b-4156-97c3-df56729e67e7',	'text',	'voluptates et deleniti',	'Enterprise-wide explicit process improvement',	NULL,	'2774711-voluptates-et-deleniti',	1,	3,	'2023-11-27 20:02:39',	'2023-11-27 20:02:50'),
('269ca154-83fa-48f4-8639-070c6e56abb3',	'127a0435-db7b-4156-97c3-df56729e67e7',	'text',	'pariatur tempora magni',	'Business-focused directional algorithm',	NULL,	'4632401-pariatur-tempora-magni',	1,	3,	'2023-11-27 19:57:30',	'2023-11-27 19:58:22'),
('32c98248-ab04-41e8-bfbc-3a74f06af933',	'127a0435-db7b-4156-97c3-df56729e67e7',	'text',	'new post number 8',	'<p>new post number 1new post number 1new post number 1new post number 1</p>',	NULL,	'9216337-new-post-number-8',	1,	3,	'2023-11-27 19:53:06',	'2023-11-27 19:53:19'),
('51dbd7e1-ce7f-441f-84c6-3649a5ffd81f',	'127a0435-db7b-4156-97c3-df56729e67e7',	'text',	'beatae sed ut',	'Innovative needs-based Graphic Interface',	NULL,	'3301888-beatae-sed-ut',	1,	3,	'2023-11-27 19:58:24',	'2023-11-27 19:58:38'),
('526d9229-7fea-4362-b8ec-8659e88b5b71',	'127a0435-db7b-4156-97c3-df56729e67e7',	'text',	'unde enim itaque',	'Horizontal upward-trending hardware',	NULL,	'8782798-unde-enim-itaque',	1,	3,	'2023-11-27 20:01:44',	'2023-11-27 20:01:56'),
('57ad3862-d3c8-4d80-9178-c5d1e88f8ed5',	'127a0435-db7b-4156-97c3-df56729e67e7',	'text',	'new post number 4',	'<p>new post number 1new post number 1new post number 1</p>',	NULL,	'6195428-new-post-number-4',	1,	3,	'2023-11-27 19:51:04',	'2023-11-27 19:51:16'),
('623a80ac-063f-46e6-80ff-65fda896b9e6',	'127a0435-db7b-4156-97c3-df56729e67e7',	'text',	'minima ut autem',	'Cross-platform bottom-line standardization',	NULL,	'2931548-minima-ut-autem',	1,	3,	'2023-11-27 20:02:23',	'2023-11-27 20:02:37'),
('6349c645-da7e-4c05-ac5e-7552798c71be',	'127a0435-db7b-4156-97c3-df56729e67e7',	'text',	'new post number 6',	'<p>new post number 1new post number 1new post number 1</p>',	NULL,	'1355046-new-post-number-6',	1,	3,	'2023-11-27 19:52:05',	'2023-11-27 19:52:20'),
('6878d804-b4c5-4a5f-8093-5f937e49944b',	'127a0435-db7b-4156-97c3-df56729e67e7',	'text',	'voluptas tempore ad',	'Cross-group zero defect collaboration',	NULL,	'5132586-voluptas-tempore-ad',	1,	3,	'2023-11-27 19:54:30',	'2023-11-27 19:55:44'),
('780a0f7c-4ef2-45df-97bf-31eed6e12239',	'127a0435-db7b-4156-97c3-df56729e67e7',	'text',	'laudantium rem aliquam',	'Open-architected zero administration matrices',	NULL,	'2253764-laudantium-rem-aliquam',	1,	3,	'2023-11-27 20:01:26',	'2023-11-27 20:01:42'),
('7fafd197-75cf-409b-937f-c7e12cc813e5',	'127a0435-db7b-4156-97c3-df56729e67e7',	'text',	'corrupti debitis dolores',	'Switchable background task-force',	NULL,	'1032560-corrupti-debitis-dolores',	1,	3,	'2023-11-27 19:58:42',	'2023-11-27 19:58:57'),
('8ae4ef4f-8f26-460f-8655-a64b672cdb3c',	'127a0435-db7b-4156-97c3-df56729e67e7',	'text',	'distinctio optio sint',	'Cross-platform high-level infrastructure',	NULL,	'5594417-distinctio-optio-sint',	1,	3,	'2023-11-27 19:59:48',	'2023-11-27 20:00:01'),
('9bac693f-a83a-4b1f-afb6-be11a9d8fc1f',	'127a0435-db7b-4156-97c3-df56729e67e7',	'text',	'vel a omnis',	'Secured exuding leverage',	NULL,	'1225426-vel-a-omnis',	1,	3,	'2023-11-27 20:00:59',	'2023-11-27 20:01:11'),
('a1a09914-3f38-4d0e-a7db-800c418c0f18',	'127a0435-db7b-4156-97c3-df56729e67e7',	'text',	'itaque quis et',	'Sharable multi-tasking functionalities',	NULL,	'5363587-itaque-quis-et',	1,	6,	'2023-11-27 19:56:47',	'2023-11-27 19:57:41'),
('a3792f4e-28ce-4d9f-9e2f-796a8f17f6e7',	'127a0435-db7b-4156-97c3-df56729e67e7',	'text',	'new post number 5',	'<p>new post number 1new post number 1</p>',	NULL,	'9961480-new-post-number-5',	1,	3,	'2023-11-27 19:51:34',	'2023-11-27 19:51:49'),
('e320d727-7bc5-404b-b6d3-677faabc4c49',	'127a0435-db7b-4156-97c3-df56729e67e7',	'text',	'new post number 2',	'<p>new post number 1new post number 1new post number 1</p>',	NULL,	'1653695-new-post-number-2',	1,	3,	'2023-11-27 19:50:07',	'2023-11-27 19:50:24'),
('e6694bb4-b368-4fbb-8d01-58395057f8d2',	'127a0435-db7b-4156-97c3-df56729e67e7',	'text',	'est nam saepe',	'Assimilated stable adapter',	NULL,	'6112456-est-nam-saepe',	1,	3,	'2023-11-27 20:01:58',	'2023-11-27 20:02:09'),
('eadff893-9c37-49a7-b221-3e392d6a97a8',	'127a0435-db7b-4156-97c3-df56729e67e7',	'text',	'aliquam voluptatum aliquam',	'Team-oriented asynchronous migration',	NULL,	'7844958-aliquam-voluptatum-aliquam',	1,	3,	'2023-11-27 19:56:22',	'2023-11-27 19:56:41'),
('ee6e2a34-0651-4a38-a865-f984a8c34739',	'127a0435-db7b-4156-97c3-df56729e67e7',	'text',	'perferendis beatae eum',	'Right-sized demand-driven artificial intelligence',	NULL,	'1043532-perferendis-beatae-eum',	1,	3,	'2023-11-27 20:02:10',	'2023-11-27 20:02:21'),
('f1db464b-e8af-43a5-b7a8-7292bf6af01f',	'127a0435-db7b-4156-97c3-df56729e67e7',	'text',	'ab facilis ut',	'Configurable high-level support',	NULL,	'9756966-ab-facilis-ut',	1,	3,	'2023-11-27 20:01:14',	'2023-11-27 20:01:24'),
('f579b423-d807-4715-ba55-9cfc54ff02a5',	'127a0435-db7b-4156-97c3-df56729e67e7',	'text',	'new post number 3',	'<p>new post number 1new post number 1new post number 1</p>',	NULL,	'3382346-new-post-number-3',	1,	3,	'2023-11-27 19:50:35',	'2023-11-27 19:50:50'),
('fd9150f0-3875-4c39-93ac-82bbe64ea387',	'127a0435-db7b-4156-97c3-df56729e67e7',	'text',	'minima fugit et',	'De-engineered 6th generation array',	NULL,	'5434384-minima-fugit-et',	1,	3,	'2023-11-27 19:55:51',	'2023-11-27 19:56:05');

/*Insert Data Table: post_vote*/

INSERT INTO `post_vote` (`post_vote_id`, `post_id`, `member_id`, `type`, `created_at`, `updated_at`) VALUES
('006ae940-a0f8-4fac-8c89-1c6641bc765d',	'51dbd7e1-ce7f-441f-84c6-3649a5ffd81f',	'127a0435-db7b-4156-97c3-df56729e67e7',	'UPVOTE',	'2023-11-27 19:58:24',	'2023-11-27 19:58:24'),
('0db16562-8b22-40ca-a14f-9d8f82e30dde',	'32c98248-ab04-41e8-bfbc-3a74f06af933',	'127a0435-db7b-4156-97c3-df56729e67e7',	'UPVOTE',	'2023-11-27 19:53:06',	'2023-11-27 19:53:06'),
('0de1c13e-0e23-422b-aaab-c58102d99bb7',	'eadff893-9c37-49a7-b221-3e392d6a97a8',	'127a0435-db7b-4156-97c3-df56729e67e7',	'UPVOTE',	'2023-11-27 19:56:22',	'2023-11-27 19:56:22'),
('0f261837-4248-4478-820c-b01f349a1006',	'a3792f4e-28ce-4d9f-9e2f-796a8f17f6e7',	'127a0435-db7b-4156-97c3-df56729e67e7',	'UPVOTE',	'2023-11-27 19:51:34',	'2023-11-27 19:51:34'),
('134d1bca-082f-4506-8224-526ccbeaac62',	'ee6e2a34-0651-4a38-a865-f984a8c34739',	'127a0435-db7b-4156-97c3-df56729e67e7',	'UPVOTE',	'2023-11-27 20:02:10',	'2023-11-27 20:02:10'),
('1435585c-1cfd-4f6a-82cb-a7c5f05dccf3',	'f579b423-d807-4715-ba55-9cfc54ff02a5',	'127a0435-db7b-4156-97c3-df56729e67e7',	'UPVOTE',	'2023-11-27 19:50:35',	'2023-11-27 19:50:35'),
('1869faa2-2e8b-4fcc-820a-202afa6f66fd',	'fd9150f0-3875-4c39-93ac-82bbe64ea387',	'127a0435-db7b-4156-97c3-df56729e67e7',	'UPVOTE',	'2023-11-27 19:55:51',	'2023-11-27 19:55:51'),
('2263107b-4800-4026-9ddd-45388b76a934',	'e320d727-7bc5-404b-b6d3-677faabc4c49',	'127a0435-db7b-4156-97c3-df56729e67e7',	'UPVOTE',	'2023-11-27 19:50:07',	'2023-11-27 19:50:07'),
('2442c8b3-2895-4a61-b4a1-045934f4ccb6',	'1ae33727-4883-4c81-acbf-6f50d5f65802',	'127a0435-db7b-4156-97c3-df56729e67e7',	'UPVOTE',	'2023-11-27 19:52:29',	'2023-11-27 19:52:29'),
('425f32a5-0d96-4ca3-8df2-6ad74359406f',	'57ad3862-d3c8-4d80-9178-c5d1e88f8ed5',	'127a0435-db7b-4156-97c3-df56729e67e7',	'UPVOTE',	'2023-11-27 19:51:04',	'2023-11-27 19:51:04'),
('4c55acc9-81e7-4ab9-bf5f-d1d7f52b5ec6',	'780a0f7c-4ef2-45df-97bf-31eed6e12239',	'127a0435-db7b-4156-97c3-df56729e67e7',	'UPVOTE',	'2023-11-27 20:01:26',	'2023-11-27 20:01:26'),
('56ac0c67-c791-4a2f-a2d5-8e40d915a81b',	'25492755-8f21-41f1-98a8-cf6ee13c09e1',	'127a0435-db7b-4156-97c3-df56729e67e7',	'UPVOTE',	'2023-11-27 20:02:39',	'2023-11-27 20:02:39'),
('58b14296-d228-4c2e-a9b6-555ca80e5cff',	'090dbb1c-40f9-4ca2-9e50-6bd8cc86a007',	'127a0435-db7b-4156-97c3-df56729e67e7',	'UPVOTE',	'2023-11-27 20:00:46',	'2023-11-27 20:00:46'),
('5ba673b0-3368-4d20-8ba0-62c97c80f725',	'8ae4ef4f-8f26-460f-8655-a64b672cdb3c',	'127a0435-db7b-4156-97c3-df56729e67e7',	'UPVOTE',	'2023-11-27 19:59:48',	'2023-11-27 19:59:48'),
('5bedd760-ea74-4d18-874c-c98e8179e177',	'7fafd197-75cf-409b-937f-c7e12cc813e5',	'127a0435-db7b-4156-97c3-df56729e67e7',	'UPVOTE',	'2023-11-27 19:58:42',	'2023-11-27 19:58:42'),
('5e0ce122-6586-45c5-8a1e-4e0fbb2ba3f1',	'526d9229-7fea-4362-b8ec-8659e88b5b71',	'127a0435-db7b-4156-97c3-df56729e67e7',	'UPVOTE',	'2023-11-27 20:01:44',	'2023-11-27 20:01:44'),
('6218b01b-e83a-4eaa-8b8d-4fe6b559b50f',	'a1a09914-3f38-4d0e-a7db-800c418c0f18',	'127a0435-db7b-4156-97c3-df56729e67e7',	'UPVOTE',	'2023-11-27 19:56:47',	'2023-11-27 19:56:47'),
('67869724-9b3f-463d-8d78-5542a44ac60e',	'6349c645-da7e-4c05-ac5e-7552798c71be',	'127a0435-db7b-4156-97c3-df56729e67e7',	'UPVOTE',	'2023-11-27 19:52:05',	'2023-11-27 19:52:05'),
('6bc75ca5-4167-4c30-97ae-069a789f44cb',	'269ca154-83fa-48f4-8639-070c6e56abb3',	'127a0435-db7b-4156-97c3-df56729e67e7',	'UPVOTE',	'2023-11-27 19:57:30',	'2023-11-27 19:57:30'),
('7359da84-dffe-4a92-b4bf-4736fbcc6505',	'6878d804-b4c5-4a5f-8093-5f937e49944b',	'127a0435-db7b-4156-97c3-df56729e67e7',	'UPVOTE',	'2023-11-27 19:54:30',	'2023-11-27 19:54:30'),
('74dcd58b-c57c-422d-aa2b-7e1f3f6a272d',	'f1db464b-e8af-43a5-b7a8-7292bf6af01f',	'127a0435-db7b-4156-97c3-df56729e67e7',	'UPVOTE',	'2023-11-27 20:01:14',	'2023-11-27 20:01:14'),
('760f6bcc-6215-47a5-90e1-81c5249ab298',	'0fcefd4e-af1d-463c-8c5c-3541d9755f1a',	'127a0435-db7b-4156-97c3-df56729e67e7',	'UPVOTE',	'2023-11-27 19:49:34',	'2023-11-27 19:49:34'),
('90c6706c-7852-4b21-aa75-40568d57388e',	'e6694bb4-b368-4fbb-8d01-58395057f8d2',	'127a0435-db7b-4156-97c3-df56729e67e7',	'UPVOTE',	'2023-11-27 20:01:58',	'2023-11-27 20:01:58'),
('9dcac58b-7e14-4095-a643-d5604e42352a',	'9bac693f-a83a-4b1f-afb6-be11a9d8fc1f',	'127a0435-db7b-4156-97c3-df56729e67e7',	'UPVOTE',	'2023-11-27 20:00:59',	'2023-11-27 20:00:59'),
('d7df04a8-af94-48ea-bb33-45dc77d2e970',	'623a80ac-063f-46e6-80ff-65fda896b9e6',	'127a0435-db7b-4156-97c3-df56729e67e7',	'UPVOTE',	'2023-11-27 20:02:23',	'2023-11-27 20:02:23');


/*Insert Data Table: comment - 78 comments*/

INSERT INTO `comment` (`comment_id`, `member_id`, `parent_comment_id`, `post_id`, `text`, `points`, `created_at`, `updated_at`) VALUES
('06eb6ce8-c3b3-408c-9ae0-2227865ddae8',	'127a0435-db7b-4156-97c3-df56729e67e7',	NULL,	'6349c645-da7e-4c05-ac5e-7552798c71be',	'<p>new post number 1new post number 1new post number 1</p>',	1,	'2023-11-27 19:52:20',	'2023-11-27 19:52:20'),
('07913e78-d300-4702-aea2-334fac1d5e17',	'127a0435-db7b-4156-97c3-df56729e67e7',	NULL,	'57ad3862-d3c8-4d80-9178-c5d1e88f8ed5',	'<p>new post number 1new post number 1</p>',	1,	'2023-11-27 19:51:16',	'2023-11-27 19:51:16'),
('0c4d04db-61c1-413e-beec-f57558a0c88d',	'127a0435-db7b-4156-97c3-df56729e67e7',	NULL,	'e6694bb4-b368-4fbb-8d01-58395057f8d2',	'Automated systematic portal',	1,	'2023-11-27 20:02:08',	'2023-11-27 20:02:08'),
('1402c083-8312-47aa-b816-2ba28827edc2',	'127a0435-db7b-4156-97c3-df56729e67e7',	NULL,	'fd9150f0-3875-4c39-93ac-82bbe64ea387',	'Inverse 6th generation database',	1,	'2023-11-27 19:56:03',	'2023-11-27 19:56:03'),
('1726ee51-dfb0-42d2-aa1a-eb97856e3cac',	'127a0435-db7b-4156-97c3-df56729e67e7',	NULL,	'ee6e2a34-0651-4a38-a865-f984a8c34739',	'Robust fault-tolerant hub',	1,	'2023-11-27 20:02:20',	'2023-11-27 20:02:20'),
('1a77a0f2-6afa-4f86-af1d-b868c158c668',	'127a0435-db7b-4156-97c3-df56729e67e7',	NULL,	'780a0f7c-4ef2-45df-97bf-31eed6e12239',	'Decentralized client-driven algorithm',	1,	'2023-11-27 20:01:40',	'2023-11-27 20:01:40'),
('1ad35abd-c489-404e-a126-07e960e6564a',	'127a0435-db7b-4156-97c3-df56729e67e7',	NULL,	'7fafd197-75cf-409b-937f-c7e12cc813e5',	'Up-sized bifurcated orchestration',	1,	'2023-11-27 19:58:57',	'2023-11-27 19:58:57'),
('1d5b014d-1abf-4834-9d3b-2c66debfd905',	'127a0435-db7b-4156-97c3-df56729e67e7',	NULL,	'e320d727-7bc5-404b-b6d3-677faabc4c49',	'<p>new post number 1new post number 1new post number 1</p>',	1,	'2023-11-27 19:50:24',	'2023-11-27 19:50:24'),
('1f3198cc-97b5-495c-959b-8890b2cb5728',	'127a0435-db7b-4156-97c3-df56729e67e7',	NULL,	'eadff893-9c37-49a7-b221-3e392d6a97a8',	'Networked asymmetric moderator',	1,	'2023-11-27 19:56:39',	'2023-11-27 19:56:39'),
('2385ae81-e7e5-428b-85d5-f7ec384f65de',	'127a0435-db7b-4156-97c3-df56729e67e7',	NULL,	'e320d727-7bc5-404b-b6d3-677faabc4c49',	'<p>new post number 1new post number 1new post number 1</p>',	1,	'2023-11-27 19:50:15',	'2023-11-27 19:50:15'),
('23eb5a32-7119-41b0-932e-00f2f4cc7e93',	'127a0435-db7b-4156-97c3-df56729e67e7',	NULL,	'7fafd197-75cf-409b-937f-c7e12cc813e5',	'Ameliorated demand-driven service-desk',	1,	'2023-11-27 19:58:56',	'2023-11-27 19:58:56'),
('255402c7-7022-41f9-8548-f25f51aa569f',	'127a0435-db7b-4156-97c3-df56729e67e7',	NULL,	'8ae4ef4f-8f26-460f-8655-a64b672cdb3c',	'User-friendly holistic interface',	1,	'2023-11-27 20:00:01',	'2023-11-27 20:00:01'),
('2832a6b1-8c56-462a-b88b-4a9cc8cfbf09',	'127a0435-db7b-4156-97c3-df56729e67e7',	NULL,	'090dbb1c-40f9-4ca2-9e50-6bd8cc86a007',	'Reduced stable benchmark',	1,	'2023-11-27 20:00:57',	'2023-11-27 20:00:57'),
('2ee708f4-755d-4351-bb34-c559c963f562',	'127a0435-db7b-4156-97c3-df56729e67e7',	NULL,	'32c98248-ab04-41e8-bfbc-3a74f06af933',	'<p>new post number 1new post number 1new post number 1</p>',	1,	'2023-11-27 19:53:18',	'2023-11-27 19:53:18'),
('2f00bf1e-afd8-475a-ba8a-3889d3df42b6',	'127a0435-db7b-4156-97c3-df56729e67e7',	NULL,	'6878d804-b4c5-4a5f-8093-5f937e49944b',	'Enterprise-wide empowering complexity',	1,	'2023-11-27 19:55:44',	'2023-11-27 19:55:44'),
('2ffeb578-b32c-4952-9191-6a8477797284',	'127a0435-db7b-4156-97c3-df56729e67e7',	NULL,	'f579b423-d807-4715-ba55-9cfc54ff02a5',	'<p>new post number 1new post number 1new post number 1</p>',	1,	'2023-11-27 19:50:46',	'2023-11-27 19:50:46'),
('347437b2-fc36-4741-962e-ad16fa9ae28b',	'127a0435-db7b-4156-97c3-df56729e67e7',	NULL,	'9bac693f-a83a-4b1f-afb6-be11a9d8fc1f',	'Function-based context-sensitive software',	1,	'2023-11-27 20:01:11',	'2023-11-27 20:01:11'),
('3517067d-b3ee-4da1-a3dc-e5d62b7dad68',	'127a0435-db7b-4156-97c3-df56729e67e7',	NULL,	'e6694bb4-b368-4fbb-8d01-58395057f8d2',	'Optimized intermediate installation',	1,	'2023-11-27 20:02:07',	'2023-11-27 20:02:07'),
('355d8383-8f0b-479c-91b5-626e33f18b23',	'127a0435-db7b-4156-97c3-df56729e67e7',	NULL,	'f579b423-d807-4715-ba55-9cfc54ff02a5',	'<p>new post number 1new post number 1new post number 1</p>',	1,	'2023-11-27 19:50:50',	'2023-11-27 19:50:50'),
('36b6a0bb-fd22-4f27-baba-e95a91121695',	'127a0435-db7b-4156-97c3-df56729e67e7',	NULL,	'6349c645-da7e-4c05-ac5e-7552798c71be',	'<p>new post number 1new post number 1</p>',	1,	'2023-11-27 19:52:11',	'2023-11-27 19:52:11'),
('372fda8e-ae1b-4edd-8a6e-99283cc31dc4',	'127a0435-db7b-4156-97c3-df56729e67e7',	NULL,	'8ae4ef4f-8f26-460f-8655-a64b672cdb3c',	'Phased motivating forecast',	1,	'2023-11-27 20:00:00',	'2023-11-27 20:00:00'),
('447fc9a0-0000-4326-b8b3-379fa07107e3',	'127a0435-db7b-4156-97c3-df56729e67e7',	NULL,	'623a80ac-063f-46e6-80ff-65fda896b9e6',	'Networked maximized model',	1,	'2023-11-27 20:02:35',	'2023-11-27 20:02:35'),
('466c99a7-8665-4754-93c4-a37595150a52',	'127a0435-db7b-4156-97c3-df56729e67e7',	NULL,	'e320d727-7bc5-404b-b6d3-677faabc4c49',	'<p>new post number 1new post number 1</p>',	1,	'2023-11-27 19:50:19',	'2023-11-27 19:50:19'),
('54506b26-a6b1-4c17-a603-55f6c414d517',	'127a0435-db7b-4156-97c3-df56729e67e7',	NULL,	'f579b423-d807-4715-ba55-9cfc54ff02a5',	'<p>new post number 1new post number 1new post number 1</p>',	1,	'2023-11-27 19:50:42',	'2023-11-27 19:50:42'),
('546c3c78-e52c-4d61-8e3e-5af02a104dce',	'127a0435-db7b-4156-97c3-df56729e67e7',	NULL,	'6878d804-b4c5-4a5f-8093-5f937e49944b',	'Vision-oriented fresh-thinking process improvement',	1,	'2023-11-27 19:55:43',	'2023-11-27 19:55:43'),
('58c1d495-ea55-4034-989d-878f02c36082',	'127a0435-db7b-4156-97c3-df56729e67e7',	NULL,	'32c98248-ab04-41e8-bfbc-3a74f06af933',	'<p>new post number 1new post number 1new post number 1</p>',	1,	'2023-11-27 19:53:11',	'2023-11-27 19:53:11'),
('5bcef3ab-5c0f-4ac9-ac93-5eb7a2ff2546',	'127a0435-db7b-4156-97c3-df56729e67e7',	NULL,	'1ae33727-4883-4c81-acbf-6f50d5f65802',	'<p>new post number 1new post number 1new post number 1</p>',	1,	'2023-11-27 19:52:54',	'2023-11-27 19:52:54'),
('5bdf8508-5a92-4b11-933b-7fc4ad11658f',	'127a0435-db7b-4156-97c3-df56729e67e7',	NULL,	'32c98248-ab04-41e8-bfbc-3a74f06af933',	'<p>new post number 1new post number 1new post number 1</p>',	1,	'2023-11-27 19:53:14',	'2023-11-27 19:53:14'),
('68c6a8d4-829b-4d26-b621-ec86ff47674b',	'127a0435-db7b-4156-97c3-df56729e67e7',	NULL,	'51dbd7e1-ce7f-441f-84c6-3649a5ffd81f',	'Adaptive object-oriented definition',	1,	'2023-11-27 19:58:37',	'2023-11-27 19:58:37'),
('68dc6850-66ae-45c5-8f29-0f175cff0267',	'127a0435-db7b-4156-97c3-df56729e67e7',	NULL,	'a3792f4e-28ce-4d9f-9e2f-796a8f17f6e7',	'<p>new post number 1new post number 1new post number 1</p>',	1,	'2023-11-27 19:51:41',	'2023-11-27 19:51:41'),
('6c17bf28-0ea8-427c-99ca-865810197d61',	'127a0435-db7b-4156-97c3-df56729e67e7',	NULL,	'0fcefd4e-af1d-463c-8c5c-3541d9755f1a',	'<p>new post number 1new post number 1</p>',	1,	'2023-11-27 19:49:47',	'2023-11-27 19:49:47'),
('70b4ffde-d792-4783-976c-496f31d6caf9',	'127a0435-db7b-4156-97c3-df56729e67e7',	NULL,	'a1a09914-3f38-4d0e-a7db-800c418c0f18',	'Intuitive eco-centric core',	1,	'2023-11-27 19:57:39',	'2023-11-27 19:57:39'),
('729c6c50-8550-47a4-abfb-d7aa22060a56',	'127a0435-db7b-4156-97c3-df56729e67e7',	NULL,	'e6694bb4-b368-4fbb-8d01-58395057f8d2',	'Open-architected asymmetric matrix',	1,	'2023-11-27 20:02:09',	'2023-11-27 20:02:09'),
('7359f250-bbed-4361-ab03-a08286f6799c',	'127a0435-db7b-4156-97c3-df56729e67e7',	NULL,	'a3792f4e-28ce-4d9f-9e2f-796a8f17f6e7',	'<p>new post number 1new post number 1</p>',	1,	'2023-11-27 19:51:49',	'2023-11-27 19:51:49'),
('75176e7e-eafc-4969-8857-ca636c972e74',	'127a0435-db7b-4156-97c3-df56729e67e7',	NULL,	'57ad3862-d3c8-4d80-9178-c5d1e88f8ed5',	'<p>new post number 1new post number 1</p>',	1,	'2023-11-27 19:51:13',	'2023-11-27 19:51:13'),
('7605100a-c10d-49d2-8879-946a5ebaa5c7',	'127a0435-db7b-4156-97c3-df56729e67e7',	NULL,	'0fcefd4e-af1d-463c-8c5c-3541d9755f1a',	'<p>new post number 1new post number 1</p>',	1,	'2023-11-27 19:49:51',	'2023-11-27 19:49:51'),
('78f64275-8a86-4be5-b489-95d522df043d',	'127a0435-db7b-4156-97c3-df56729e67e7',	NULL,	'090dbb1c-40f9-4ca2-9e50-6bd8cc86a007',	'Profound directional functionalities',	1,	'2023-11-27 20:00:56',	'2023-11-27 20:00:56'),
('7b198f6a-3e4f-40be-8f74-69a14b7c053e',	'127a0435-db7b-4156-97c3-df56729e67e7',	NULL,	'6878d804-b4c5-4a5f-8093-5f937e49944b',	'Proactive 24 hour concept',	1,	'2023-11-27 19:55:35',	'2023-11-27 19:55:35'),
('7bc94506-b864-4c1c-8b0e-50750399aa66',	'127a0435-db7b-4156-97c3-df56729e67e7',	NULL,	'a1a09914-3f38-4d0e-a7db-800c418c0f18',	'Secured zero defect hierarchy',	1,	'2023-11-27 19:57:41',	'2023-11-27 19:57:41'),
('7db2d6a6-7724-4d63-8983-abdc6e8d71ed',	'127a0435-db7b-4156-97c3-df56729e67e7',	NULL,	'fd9150f0-3875-4c39-93ac-82bbe64ea387',	'Organized multi-tasking ability',	1,	'2023-11-27 19:56:05',	'2023-11-27 19:56:05'),
('7e8feb8b-0d46-4c5a-8780-14b108cab75c',	'127a0435-db7b-4156-97c3-df56729e67e7',	NULL,	'0fcefd4e-af1d-463c-8c5c-3541d9755f1a',	'<p>new post number 1new post number 1</p>',	1,	'2023-11-27 19:49:55',	'2023-11-27 19:49:55'),
('841315f7-2d26-46b5-b8fe-c07541f12031',	'127a0435-db7b-4156-97c3-df56729e67e7',	NULL,	'fd9150f0-3875-4c39-93ac-82bbe64ea387',	'Exclusive motivating extranet',	1,	'2023-11-27 19:56:04',	'2023-11-27 19:56:04'),
('858e91ae-7c32-4b78-8c48-426d40b61c3b',	'127a0435-db7b-4156-97c3-df56729e67e7',	NULL,	'eadff893-9c37-49a7-b221-3e392d6a97a8',	'Operative content-based core',	1,	'2023-11-27 19:56:40',	'2023-11-27 19:56:40'),
('896c0cb7-a259-434e-b896-f5833d22475d',	'127a0435-db7b-4156-97c3-df56729e67e7',	NULL,	'25492755-8f21-41f1-98a8-cf6ee13c09e1',	'Operative tangible workforce',	1,	'2023-11-27 20:02:48',	'2023-11-27 20:02:48'),
('89aa170a-b568-4ea3-8f7d-60a0428801d3',	'127a0435-db7b-4156-97c3-df56729e67e7',	NULL,	'526d9229-7fea-4362-b8ec-8659e88b5b71',	'Advanced 4th generation budgetary management',	1,	'2023-11-27 20:01:56',	'2023-11-27 20:01:56'),
('89dfd807-0485-4108-961e-47ce1289f709',	'127a0435-db7b-4156-97c3-df56729e67e7',	NULL,	'7fafd197-75cf-409b-937f-c7e12cc813e5',	'Diverse next generation structure',	1,	'2023-11-27 19:58:55',	'2023-11-27 19:58:55'),
('8af8bf7d-2bc5-4047-8088-93eac96dbb30',	'127a0435-db7b-4156-97c3-df56729e67e7',	NULL,	'57ad3862-d3c8-4d80-9178-c5d1e88f8ed5',	'<p>new post number 1new post number 1new post number 1new post number 1</p>',	1,	'2023-11-27 19:51:09',	'2023-11-27 19:51:09'),
('93301f11-1af2-45cc-ae4c-5dca27a23f41',	'127a0435-db7b-4156-97c3-df56729e67e7',	NULL,	'f1db464b-e8af-43a5-b7a8-7292bf6af01f',	'Extended asynchronous benchmark',	1,	'2023-11-27 20:01:23',	'2023-11-27 20:01:23'),
('97cd80fc-98a0-4469-9a7f-645cf6d19b52',	'127a0435-db7b-4156-97c3-df56729e67e7',	NULL,	'8ae4ef4f-8f26-460f-8655-a64b672cdb3c',	'Function-based 4th generation synergy',	1,	'2023-11-27 19:59:58',	'2023-11-27 19:59:58'),
('9b18ce09-b258-447c-9fb1-4d4d10b38111',	'127a0435-db7b-4156-97c3-df56729e67e7',	NULL,	'1ae33727-4883-4c81-acbf-6f50d5f65802',	'<p>new post number 1new post number 1new post number 7 </p>',	1,	'2023-11-27 19:52:46',	'2023-11-27 19:52:46'),
('9e1cc3f5-d1ae-4c9d-9c22-4a3311aaa346',	'127a0435-db7b-4156-97c3-df56729e67e7',	NULL,	'eadff893-9c37-49a7-b221-3e392d6a97a8',	'Open-architected tertiary groupware',	1,	'2023-11-27 19:56:41',	'2023-11-27 19:56:41'),
('a5658657-18d3-476d-938a-b0cab2aa5d4f',	'127a0435-db7b-4156-97c3-df56729e67e7',	NULL,	'623a80ac-063f-46e6-80ff-65fda896b9e6',	'Compatible holistic access',	1,	'2023-11-27 20:02:37',	'2023-11-27 20:02:37'),
('aeb76408-6fe8-4f85-91aa-3616fa326dc3',	'127a0435-db7b-4156-97c3-df56729e67e7',	NULL,	'623a80ac-063f-46e6-80ff-65fda896b9e6',	'Innovative exuding alliance',	1,	'2023-11-27 20:02:36',	'2023-11-27 20:02:36'),
('b0882eb2-d0d0-4861-8d99-1727eaa2c4d3',	'127a0435-db7b-4156-97c3-df56729e67e7',	NULL,	'9bac693f-a83a-4b1f-afb6-be11a9d8fc1f',	'Programmable global array',	1,	'2023-11-27 20:01:10',	'2023-11-27 20:01:10'),
('b79aa77e-7b47-40c6-b06f-5ec8bf9fb261',	'127a0435-db7b-4156-97c3-df56729e67e7',	NULL,	'526d9229-7fea-4362-b8ec-8659e88b5b71',	'Triple-buffered asynchronous Graphical User Interface',	1,	'2023-11-27 20:01:55',	'2023-11-27 20:01:55'),
('b9b9a500-14f7-421b-9bfe-d12fb68fc481',	'127a0435-db7b-4156-97c3-df56729e67e7',	NULL,	'51dbd7e1-ce7f-441f-84c6-3649a5ffd81f',	'Enterprise-wide system-worthy instruction set',	1,	'2023-11-27 19:58:36',	'2023-11-27 19:58:36'),
('bcbc08ba-ee1c-4ff2-a247-143ac314df06',	'127a0435-db7b-4156-97c3-df56729e67e7',	NULL,	'1ae33727-4883-4c81-acbf-6f50d5f65802',	'<p>new post number 1new post number 1new post number 1</p>',	1,	'2023-11-27 19:52:50',	'2023-11-27 19:52:50'),
('bea7fbab-ff97-405f-9d90-b13cd614c8c3',	'127a0435-db7b-4156-97c3-df56729e67e7',	NULL,	'25492755-8f21-41f1-98a8-cf6ee13c09e1',	'Expanded zero defect functionalities',	1,	'2023-11-27 20:02:50',	'2023-11-27 20:02:50'),
('becf4eac-9235-462f-9267-09d9e1e18778',	'127a0435-db7b-4156-97c3-df56729e67e7',	NULL,	'a1a09914-3f38-4d0e-a7db-800c418c0f18',	'Fundamental multi-state structure',	1,	'2023-11-27 19:56:58',	'2023-11-27 19:56:58'),
('bf322355-3e88-421f-9dca-a43be1ce2b2d',	'127a0435-db7b-4156-97c3-df56729e67e7',	NULL,	'25492755-8f21-41f1-98a8-cf6ee13c09e1',	'Cross-group grid-enabled toolset',	1,	'2023-11-27 20:02:49',	'2023-11-27 20:02:49'),
('c3698973-c6bf-4eca-96f6-c6993c09b5c0',	'127a0435-db7b-4156-97c3-df56729e67e7',	NULL,	'780a0f7c-4ef2-45df-97bf-31eed6e12239',	'Advanced web-enabled monitoring',	1,	'2023-11-27 20:01:41',	'2023-11-27 20:01:41'),
('c68e4cbf-7d8e-43b7-9816-c01e205ab1a4',	'127a0435-db7b-4156-97c3-df56729e67e7',	NULL,	'ee6e2a34-0651-4a38-a865-f984a8c34739',	'Profit-focused optimizing parallelism',	1,	'2023-11-27 20:02:20',	'2023-11-27 20:02:20'),
('c6972bb5-3c19-42a7-984e-807b49a5b8ec',	'127a0435-db7b-4156-97c3-df56729e67e7',	NULL,	'a1a09914-3f38-4d0e-a7db-800c418c0f18',	'Reactive content-based application',	1,	'2023-11-27 19:56:59',	'2023-11-27 19:56:59'),
('d1ed6260-9779-4b51-925c-a42b25a99261',	'127a0435-db7b-4156-97c3-df56729e67e7',	NULL,	'6349c645-da7e-4c05-ac5e-7552798c71be',	'<p>new post number 1new post number 1new post number 1</p>',	1,	'2023-11-27 19:52:16',	'2023-11-27 19:52:16'),
('d5495796-9d65-4fad-8c1e-434957017c5d',	'127a0435-db7b-4156-97c3-df56729e67e7',	NULL,	'090dbb1c-40f9-4ca2-9e50-6bd8cc86a007',	'Switchable system-worthy product',	1,	'2023-11-27 20:00:56',	'2023-11-27 20:00:56'),
('d5da218d-8d67-4a0a-8b72-936271caa168',	'127a0435-db7b-4156-97c3-df56729e67e7',	NULL,	'269ca154-83fa-48f4-8639-070c6e56abb3',	'Public-key homogeneous structure',	1,	'2023-11-27 19:58:22',	'2023-11-27 19:58:22'),
('d95d98fe-25d1-4168-9357-62c941fb4ca2',	'127a0435-db7b-4156-97c3-df56729e67e7',	NULL,	'526d9229-7fea-4362-b8ec-8659e88b5b71',	'Object-based incremental open architecture',	1,	'2023-11-27 20:01:54',	'2023-11-27 20:01:54'),
('da0da419-938d-4bac-b0a9-7aa8704a8ed0',	'127a0435-db7b-4156-97c3-df56729e67e7',	NULL,	'a1a09914-3f38-4d0e-a7db-800c418c0f18',	'Diverse dynamic focus group',	1,	'2023-11-27 19:57:40',	'2023-11-27 19:57:40'),
('dbcd4fb4-fa7e-49d9-a28d-e973c0da0909',	'127a0435-db7b-4156-97c3-df56729e67e7',	NULL,	'f1db464b-e8af-43a5-b7a8-7292bf6af01f',	'Vision-oriented radical focus group',	1,	'2023-11-27 20:01:22',	'2023-11-27 20:01:22'),
('dc4d7020-eb95-4b57-9269-4601fdcd3f83',	'127a0435-db7b-4156-97c3-df56729e67e7',	NULL,	'269ca154-83fa-48f4-8639-070c6e56abb3',	'Business-focused global attitude',	1,	'2023-11-27 19:58:21',	'2023-11-27 19:58:21'),
('dfdddd1e-e403-4b79-a6c0-3ea1c514d417',	'127a0435-db7b-4156-97c3-df56729e67e7',	NULL,	'f1db464b-e8af-43a5-b7a8-7292bf6af01f',	'Intuitive secondary core',	1,	'2023-11-27 20:01:24',	'2023-11-27 20:01:24'),
('ea35d270-0a8f-47cd-989b-36520b72f42f',	'127a0435-db7b-4156-97c3-df56729e67e7',	NULL,	'ee6e2a34-0651-4a38-a865-f984a8c34739',	'Public-key non-volatile synergy',	1,	'2023-11-27 20:02:21',	'2023-11-27 20:02:21'),
('ea7e151f-c56d-470f-8307-be6c3492e2b1',	'127a0435-db7b-4156-97c3-df56729e67e7',	NULL,	'780a0f7c-4ef2-45df-97bf-31eed6e12239',	'Business-focused encompassing matrices',	1,	'2023-11-27 20:01:42',	'2023-11-27 20:01:42'),
('eacfaaa7-e5e2-479e-8bba-18ce4d6243e6',	'127a0435-db7b-4156-97c3-df56729e67e7',	NULL,	'269ca154-83fa-48f4-8639-070c6e56abb3',	'Diverse well-modulated toolset',	1,	'2023-11-27 19:58:20',	'2023-11-27 19:58:20'),
('efcbc670-2b34-4477-9d36-42d98477073c',	'127a0435-db7b-4156-97c3-df56729e67e7',	NULL,	'9bac693f-a83a-4b1f-afb6-be11a9d8fc1f',	'Visionary asymmetric system engine',	1,	'2023-11-27 20:01:10',	'2023-11-27 20:01:10'),
('f53cb3b6-4f4c-4f21-8440-45e3a40cfe53',	'127a0435-db7b-4156-97c3-df56729e67e7',	NULL,	'a3792f4e-28ce-4d9f-9e2f-796a8f17f6e7',	'<p>new post number 1new post number 1</p>',	1,	'2023-11-27 19:51:45',	'2023-11-27 19:51:45'),
('f8a49ec7-bd87-44f7-ae56-d14e20c3f6dc',	'127a0435-db7b-4156-97c3-df56729e67e7',	NULL,	'51dbd7e1-ce7f-441f-84c6-3649a5ffd81f',	'Exclusive attitude-oriented groupware',	1,	'2023-11-27 19:58:38',	'2023-11-27 19:58:38'),
('fc01d495-c07d-45d2-9744-2d1888584723',	'127a0435-db7b-4156-97c3-df56729e67e7',	NULL,	'a1a09914-3f38-4d0e-a7db-800c418c0f18',	'Ameliorated contextually-based extranet',	1,	'2023-11-27 19:56:57',	'2023-11-27 19:56:57');

/*Insert Data Table: comment vote*/

INSERT INTO `comment_vote` (`comment_vote_id`, `comment_id`, `member_id`, `type`, `created_at`, `updated_at`) VALUES
('0283295a-dc51-46a3-9fa6-30173b80b3c4',	'b9b9a500-14f7-421b-9bfe-d12fb68fc481',	'127a0435-db7b-4156-97c3-df56729e67e7',	'UPVOTE',	'2023-11-27 19:58:36',	'2023-11-27 19:58:36'),
('06cfbd65-f582-415b-8774-a6eaed076a6e',	'858e91ae-7c32-4b78-8c48-426d40b61c3b',	'127a0435-db7b-4156-97c3-df56729e67e7',	'UPVOTE',	'2023-11-27 19:56:40',	'2023-11-27 19:56:40'),
('07ec9241-d02c-429a-8b53-b4cac44c5ab8',	'7359f250-bbed-4361-ab03-a08286f6799c',	'127a0435-db7b-4156-97c3-df56729e67e7',	'UPVOTE',	'2023-11-27 19:51:49',	'2023-11-27 19:51:49'),
('11fe9868-e386-477e-8867-20242f7c8baa',	'6c17bf28-0ea8-427c-99ca-865810197d61',	'127a0435-db7b-4156-97c3-df56729e67e7',	'UPVOTE',	'2023-11-27 19:49:47',	'2023-11-27 19:49:47'),
('12facbb3-f6f3-48f9-a1dd-23bbede5f1e6',	'a5658657-18d3-476d-938a-b0cab2aa5d4f',	'127a0435-db7b-4156-97c3-df56729e67e7',	'UPVOTE',	'2023-11-27 20:02:37',	'2023-11-27 20:02:37'),
('1997a7a1-58f4-42d4-824b-87356ce67139',	'5bcef3ab-5c0f-4ac9-ac93-5eb7a2ff2546',	'127a0435-db7b-4156-97c3-df56729e67e7',	'UPVOTE',	'2023-11-27 19:52:54',	'2023-11-27 19:52:54'),
('1c636b9b-d177-40c1-a009-3fc9f92e8146',	'8af8bf7d-2bc5-4047-8088-93eac96dbb30',	'127a0435-db7b-4156-97c3-df56729e67e7',	'UPVOTE',	'2023-11-27 19:51:09',	'2023-11-27 19:51:09'),
('23b733af-21a6-41a0-a3f0-febcc273d209',	'347437b2-fc36-4741-962e-ad16fa9ae28b',	'127a0435-db7b-4156-97c3-df56729e67e7',	'UPVOTE',	'2023-11-27 20:01:11',	'2023-11-27 20:01:11'),
('2bebaaa4-a756-41ac-bbff-fa8dc452be67',	'23eb5a32-7119-41b0-932e-00f2f4cc7e93',	'127a0435-db7b-4156-97c3-df56729e67e7',	'UPVOTE',	'2023-11-27 19:58:56',	'2023-11-27 19:58:56'),
('2cdb3a3c-25f8-48bd-8573-0831b2364359',	'07913e78-d300-4702-aea2-334fac1d5e17',	'127a0435-db7b-4156-97c3-df56729e67e7',	'UPVOTE',	'2023-11-27 19:51:16',	'2023-11-27 19:51:16'),
('3403e21a-3dac-4c14-94ed-d99fbff70ea7',	'd1ed6260-9779-4b51-925c-a42b25a99261',	'127a0435-db7b-4156-97c3-df56729e67e7',	'UPVOTE',	'2023-11-27 19:52:16',	'2023-11-27 19:52:16'),
('3609d9ba-7757-437d-8850-aeb62f3a8d7e',	'2385ae81-e7e5-428b-85d5-f7ec384f65de',	'127a0435-db7b-4156-97c3-df56729e67e7',	'UPVOTE',	'2023-11-27 19:50:15',	'2023-11-27 19:50:15'),
('37aee8a7-7a91-4610-95d7-c8ce53eb09e4',	'd5495796-9d65-4fad-8c1e-434957017c5d',	'127a0435-db7b-4156-97c3-df56729e67e7',	'UPVOTE',	'2023-11-27 20:00:56',	'2023-11-27 20:00:56'),
('385adb95-fa8a-477d-b450-81efeaaba098',	'd5da218d-8d67-4a0a-8b72-936271caa168',	'127a0435-db7b-4156-97c3-df56729e67e7',	'UPVOTE',	'2023-11-27 19:58:22',	'2023-11-27 19:58:22'),
('39314ff6-c218-4c1f-aa81-36bbcf238662',	'97cd80fc-98a0-4469-9a7f-645cf6d19b52',	'127a0435-db7b-4156-97c3-df56729e67e7',	'UPVOTE',	'2023-11-27 19:59:58',	'2023-11-27 19:59:58'),
('3df1a304-2b57-4a7e-bb3c-dc0b6f0deb4b',	'eacfaaa7-e5e2-479e-8bba-18ce4d6243e6',	'127a0435-db7b-4156-97c3-df56729e67e7',	'UPVOTE',	'2023-11-27 19:58:20',	'2023-11-27 19:58:20'),
('3e901eb3-c4d5-48dc-93d5-d6fd0a5000c5',	'729c6c50-8550-47a4-abfb-d7aa22060a56',	'127a0435-db7b-4156-97c3-df56729e67e7',	'UPVOTE',	'2023-11-27 20:02:09',	'2023-11-27 20:02:09'),
('3f34622d-f535-4a9a-81cd-e09caa8c8a97',	'becf4eac-9235-462f-9267-09d9e1e18778',	'127a0435-db7b-4156-97c3-df56729e67e7',	'UPVOTE',	'2023-11-27 19:56:58',	'2023-11-27 19:56:58'),
('458c40b8-4fb2-4942-8505-609da5d76139',	'70b4ffde-d792-4783-976c-496f31d6caf9',	'127a0435-db7b-4156-97c3-df56729e67e7',	'UPVOTE',	'2023-11-27 19:57:39',	'2023-11-27 19:57:39'),
('48a32fe3-1672-4cc8-9aaa-407bfdc6cbb1',	'06eb6ce8-c3b3-408c-9ae0-2227865ddae8',	'127a0435-db7b-4156-97c3-df56729e67e7',	'UPVOTE',	'2023-11-27 19:52:20',	'2023-11-27 19:52:20'),
('4967f767-1843-44bf-a1a6-405e6bca2cdc',	'2ffeb578-b32c-4952-9191-6a8477797284',	'127a0435-db7b-4156-97c3-df56729e67e7',	'UPVOTE',	'2023-11-27 19:50:46',	'2023-11-27 19:50:46'),
('4ed6be76-980b-4af9-8ae3-077364f7d466',	'efcbc670-2b34-4477-9d36-42d98477073c',	'127a0435-db7b-4156-97c3-df56729e67e7',	'UPVOTE',	'2023-11-27 20:01:10',	'2023-11-27 20:01:10'),
('56d741d7-fb9f-4672-b9ca-d5b5926b379c',	'7bc94506-b864-4c1c-8b0e-50750399aa66',	'127a0435-db7b-4156-97c3-df56729e67e7',	'UPVOTE',	'2023-11-27 19:57:41',	'2023-11-27 19:57:41'),
('5767651c-d887-420e-a44b-a7ee714ef4a7',	'c68e4cbf-7d8e-43b7-9816-c01e205ab1a4',	'127a0435-db7b-4156-97c3-df56729e67e7',	'UPVOTE',	'2023-11-27 20:02:20',	'2023-11-27 20:02:20'),
('589e268b-d566-4e6c-92de-e2bfaa3c03e5',	'372fda8e-ae1b-4edd-8a6e-99283cc31dc4',	'127a0435-db7b-4156-97c3-df56729e67e7',	'UPVOTE',	'2023-11-27 20:00:00',	'2023-11-27 20:00:00'),
('6897fdf5-cf72-4ce2-b57e-9831904e726b',	'78f64275-8a86-4be5-b489-95d522df043d',	'127a0435-db7b-4156-97c3-df56729e67e7',	'UPVOTE',	'2023-11-27 20:00:56',	'2023-11-27 20:00:56'),
('6b127939-a419-407f-82c9-3ee50fb424ab',	'dc4d7020-eb95-4b57-9269-4601fdcd3f83',	'127a0435-db7b-4156-97c3-df56729e67e7',	'UPVOTE',	'2023-11-27 19:58:21',	'2023-11-27 19:58:21'),
('742930d6-7e13-48df-a565-2cefa96c42b9',	'f53cb3b6-4f4c-4f21-8440-45e3a40cfe53',	'127a0435-db7b-4156-97c3-df56729e67e7',	'UPVOTE',	'2023-11-27 19:51:45',	'2023-11-27 19:51:45'),
('76d1931f-3910-49ee-9f8d-7c179143ba52',	'2f00bf1e-afd8-475a-ba8a-3889d3df42b6',	'127a0435-db7b-4156-97c3-df56729e67e7',	'UPVOTE',	'2023-11-27 19:55:44',	'2023-11-27 19:55:44'),
('7c5e4d3a-0259-4bb9-b6e8-443fa0764436',	'da0da419-938d-4bac-b0a9-7aa8704a8ed0',	'127a0435-db7b-4156-97c3-df56729e67e7',	'UPVOTE',	'2023-11-27 19:57:40',	'2023-11-27 19:57:40'),
('80e09f26-2028-4550-99bc-5fa12ca1ef4a',	'0c4d04db-61c1-413e-beec-f57558a0c88d',	'127a0435-db7b-4156-97c3-df56729e67e7',	'UPVOTE',	'2023-11-27 20:02:08',	'2023-11-27 20:02:08'),
('8573b199-d0a1-4210-a69a-1c1331518f75',	'dfdddd1e-e403-4b79-a6c0-3ea1c514d417',	'127a0435-db7b-4156-97c3-df56729e67e7',	'UPVOTE',	'2023-11-27 20:01:24',	'2023-11-27 20:01:24'),
('85d72eae-7024-45c6-9be0-64dcc7c47f98',	'466c99a7-8665-4754-93c4-a37595150a52',	'127a0435-db7b-4156-97c3-df56729e67e7',	'UPVOTE',	'2023-11-27 19:50:19',	'2023-11-27 19:50:19'),
('8ec13294-3db0-4caa-aab9-097377d59787',	'68dc6850-66ae-45c5-8f29-0f175cff0267',	'127a0435-db7b-4156-97c3-df56729e67e7',	'UPVOTE',	'2023-11-27 19:51:41',	'2023-11-27 19:51:41'),
('9541ecae-79e3-4253-89fe-935711419be2',	'f8a49ec7-bd87-44f7-ae56-d14e20c3f6dc',	'127a0435-db7b-4156-97c3-df56729e67e7',	'UPVOTE',	'2023-11-27 19:58:38',	'2023-11-27 19:58:38'),
('968a5fd9-25cb-4b27-b2c9-a723cf663437',	'9e1cc3f5-d1ae-4c9d-9c22-4a3311aaa346',	'127a0435-db7b-4156-97c3-df56729e67e7',	'UPVOTE',	'2023-11-27 19:56:41',	'2023-11-27 19:56:41'),
('979790af-9c83-4fde-ac19-371153d05eb4',	'bea7fbab-ff97-405f-9d90-b13cd614c8c3',	'127a0435-db7b-4156-97c3-df56729e67e7',	'UPVOTE',	'2023-11-27 20:02:50',	'2023-11-27 20:02:50'),
('97b5874f-419d-41c4-ad5e-d0ab4163b057',	'447fc9a0-0000-4326-b8b3-379fa07107e3',	'127a0435-db7b-4156-97c3-df56729e67e7',	'UPVOTE',	'2023-11-27 20:02:35',	'2023-11-27 20:02:35'),
('985c7eb9-97cd-4464-b100-7588e22fe71c',	'7e8feb8b-0d46-4c5a-8780-14b108cab75c',	'127a0435-db7b-4156-97c3-df56729e67e7',	'UPVOTE',	'2023-11-27 19:49:55',	'2023-11-27 19:49:55'),
('a4c0dfac-c389-45b4-96e4-b1a5502276d6',	'355d8383-8f0b-479c-91b5-626e33f18b23',	'127a0435-db7b-4156-97c3-df56729e67e7',	'UPVOTE',	'2023-11-27 19:50:50',	'2023-11-27 19:50:50'),
('a6b50eb7-bc2a-4c37-9cc5-ab5da514ab2a',	'1f3198cc-97b5-495c-959b-8890b2cb5728',	'127a0435-db7b-4156-97c3-df56729e67e7',	'UPVOTE',	'2023-11-27 19:56:39',	'2023-11-27 19:56:39'),
('a99c2faa-9923-4854-885f-166b4b7972b7',	'546c3c78-e52c-4d61-8e3e-5af02a104dce',	'127a0435-db7b-4156-97c3-df56729e67e7',	'UPVOTE',	'2023-11-27 19:55:43',	'2023-11-27 19:55:43'),
('aacb75b8-e32c-4023-987e-ebe8d555c417',	'd95d98fe-25d1-4168-9357-62c941fb4ca2',	'127a0435-db7b-4156-97c3-df56729e67e7',	'UPVOTE',	'2023-11-27 20:01:54',	'2023-11-27 20:01:54'),
('aaf59380-1bfd-473d-b240-0609ab6dae74',	'ea7e151f-c56d-470f-8307-be6c3492e2b1',	'127a0435-db7b-4156-97c3-df56729e67e7',	'UPVOTE',	'2023-11-27 20:01:42',	'2023-11-27 20:01:42'),
('abcac883-b209-4192-adea-7482935e0129',	'2ee708f4-755d-4351-bb34-c559c963f562',	'127a0435-db7b-4156-97c3-df56729e67e7',	'UPVOTE',	'2023-11-27 19:53:19',	'2023-11-27 19:53:19'),
('ac84ce55-084e-4b4d-8d43-ba735c868720',	'b79aa77e-7b47-40c6-b06f-5ec8bf9fb261',	'127a0435-db7b-4156-97c3-df56729e67e7',	'UPVOTE',	'2023-11-27 20:01:55',	'2023-11-27 20:01:55'),
('b0b1619b-6b8b-4537-97dc-9256ff79d7fa',	'841315f7-2d26-46b5-b8fe-c07541f12031',	'127a0435-db7b-4156-97c3-df56729e67e7',	'UPVOTE',	'2023-11-27 19:56:04',	'2023-11-27 19:56:04'),
('b0cffe05-a2aa-4f2f-922f-84a610d79345',	'ea35d270-0a8f-47cd-989b-36520b72f42f',	'127a0435-db7b-4156-97c3-df56729e67e7',	'UPVOTE',	'2023-11-27 20:02:21',	'2023-11-27 20:02:21'),
('b170fae2-db56-4b1b-ab12-1c6f0e0cdfd3',	'7db2d6a6-7724-4d63-8983-abdc6e8d71ed',	'127a0435-db7b-4156-97c3-df56729e67e7',	'UPVOTE',	'2023-11-27 19:56:05',	'2023-11-27 19:56:05'),
('b65cc3e5-5b82-475a-97cf-c38166677b1c',	'89dfd807-0485-4108-961e-47ce1289f709',	'127a0435-db7b-4156-97c3-df56729e67e7',	'UPVOTE',	'2023-11-27 19:58:55',	'2023-11-27 19:58:55'),
('bc8bccf2-2a47-4dff-ac98-95b064ceacfe',	'1ad35abd-c489-404e-a126-07e960e6564a',	'127a0435-db7b-4156-97c3-df56729e67e7',	'UPVOTE',	'2023-11-27 19:58:57',	'2023-11-27 19:58:57'),
('bf8f2942-e0b2-4250-b891-d2cf8c7666cf',	'bf322355-3e88-421f-9dca-a43be1ce2b2d',	'127a0435-db7b-4156-97c3-df56729e67e7',	'UPVOTE',	'2023-11-27 20:02:49',	'2023-11-27 20:02:49'),
('c0243ae1-f76d-42b7-bced-f876e450b032',	'9b18ce09-b258-447c-9fb1-4d4d10b38111',	'127a0435-db7b-4156-97c3-df56729e67e7',	'UPVOTE',	'2023-11-27 19:52:46',	'2023-11-27 19:52:46'),
('c11fc4dd-6a22-4657-8101-32043fe548d4',	'255402c7-7022-41f9-8548-f25f51aa569f',	'127a0435-db7b-4156-97c3-df56729e67e7',	'UPVOTE',	'2023-11-27 20:00:01',	'2023-11-27 20:00:01'),
('c2aef138-b339-49c4-88d2-0262823f10b8',	'7605100a-c10d-49d2-8879-946a5ebaa5c7',	'127a0435-db7b-4156-97c3-df56729e67e7',	'UPVOTE',	'2023-11-27 19:49:51',	'2023-11-27 19:49:51'),
('c8a8d06a-6052-4bc9-b52f-96fe98baee0f',	'93301f11-1af2-45cc-ae4c-5dca27a23f41',	'127a0435-db7b-4156-97c3-df56729e67e7',	'UPVOTE',	'2023-11-27 20:01:23',	'2023-11-27 20:01:23'),
('cabdcb77-a783-4cc6-94fe-64481b0a0ec4',	'36b6a0bb-fd22-4f27-baba-e95a91121695',	'127a0435-db7b-4156-97c3-df56729e67e7',	'UPVOTE',	'2023-11-27 19:52:11',	'2023-11-27 19:52:11'),
('cc8513a1-58fc-4c8a-a2c9-6e026ceb0699',	'1726ee51-dfb0-42d2-aa1a-eb97856e3cac',	'127a0435-db7b-4156-97c3-df56729e67e7',	'UPVOTE',	'2023-11-27 20:02:20',	'2023-11-27 20:02:20'),
('cf5c5013-c050-464e-9895-8a16ea3cdddc',	'c6972bb5-3c19-42a7-984e-807b49a5b8ec',	'127a0435-db7b-4156-97c3-df56729e67e7',	'UPVOTE',	'2023-11-27 19:56:59',	'2023-11-27 19:56:59'),
('d1778d4d-bd50-45b2-b2a1-2e7e1c5b3782',	'b0882eb2-d0d0-4861-8d99-1727eaa2c4d3',	'127a0435-db7b-4156-97c3-df56729e67e7',	'UPVOTE',	'2023-11-27 20:01:10',	'2023-11-27 20:01:10'),
('d1a081bf-0dd4-4f6c-9423-f23fed673766',	'dbcd4fb4-fa7e-49d9-a28d-e973c0da0909',	'127a0435-db7b-4156-97c3-df56729e67e7',	'UPVOTE',	'2023-11-27 20:01:22',	'2023-11-27 20:01:22'),
('d358f808-d0e1-4154-bc80-1cadf929d568',	'1a77a0f2-6afa-4f86-af1d-b868c158c668',	'127a0435-db7b-4156-97c3-df56729e67e7',	'UPVOTE',	'2023-11-27 20:01:40',	'2023-11-27 20:01:40'),
('d3916bb1-e6a5-4153-a14b-664265913792',	'75176e7e-eafc-4969-8857-ca636c972e74',	'127a0435-db7b-4156-97c3-df56729e67e7',	'UPVOTE',	'2023-11-27 19:51:13',	'2023-11-27 19:51:13'),
('d541b8a6-4997-4d22-994f-eb398514318a',	'3517067d-b3ee-4da1-a3dc-e5d62b7dad68',	'127a0435-db7b-4156-97c3-df56729e67e7',	'UPVOTE',	'2023-11-27 20:02:07',	'2023-11-27 20:02:07'),
('d54ded42-033c-4d85-96f2-bd88d50f9092',	'58c1d495-ea55-4034-989d-878f02c36082',	'127a0435-db7b-4156-97c3-df56729e67e7',	'UPVOTE',	'2023-11-27 19:53:11',	'2023-11-27 19:53:11'),
('d7cb74ad-eee1-48da-9276-1d908e9c888e',	'896c0cb7-a259-434e-b896-f5833d22475d',	'127a0435-db7b-4156-97c3-df56729e67e7',	'UPVOTE',	'2023-11-27 20:02:48',	'2023-11-27 20:02:48'),
('dd716c2b-022c-48c2-b5ef-50b86608e681',	'fc01d495-c07d-45d2-9744-2d1888584723',	'127a0435-db7b-4156-97c3-df56729e67e7',	'UPVOTE',	'2023-11-27 19:56:57',	'2023-11-27 19:56:57'),
('e14c4d36-66af-41bc-b65b-8f2e0edd34a1',	'7b198f6a-3e4f-40be-8f74-69a14b7c053e',	'127a0435-db7b-4156-97c3-df56729e67e7',	'UPVOTE',	'2023-11-27 19:55:35',	'2023-11-27 19:55:35'),
('e16df506-c0ce-4795-808e-3939f1561b31',	'c3698973-c6bf-4eca-96f6-c6993c09b5c0',	'127a0435-db7b-4156-97c3-df56729e67e7',	'UPVOTE',	'2023-11-27 20:01:41',	'2023-11-27 20:01:41'),
('e26a5295-3707-425d-b4a8-e3fc60ab72b7',	'54506b26-a6b1-4c17-a603-55f6c414d517',	'127a0435-db7b-4156-97c3-df56729e67e7',	'UPVOTE',	'2023-11-27 19:50:42',	'2023-11-27 19:50:42'),
('e48e2786-491f-488e-8af5-1c46d989fe22',	'1402c083-8312-47aa-b816-2ba28827edc2',	'127a0435-db7b-4156-97c3-df56729e67e7',	'UPVOTE',	'2023-11-27 19:56:03',	'2023-11-27 19:56:03'),
('e6a3e0c6-ad5f-4cbe-b609-c7db39e47014',	'aeb76408-6fe8-4f85-91aa-3616fa326dc3',	'127a0435-db7b-4156-97c3-df56729e67e7',	'UPVOTE',	'2023-11-27 20:02:36',	'2023-11-27 20:02:36'),
('e7f48235-e10e-4b4f-9d1e-8753788360b0',	'1d5b014d-1abf-4834-9d3b-2c66debfd905',	'127a0435-db7b-4156-97c3-df56729e67e7',	'UPVOTE',	'2023-11-27 19:50:24',	'2023-11-27 19:50:24'),
('e92994f0-673f-4416-82ff-863688c6c3f4',	'2832a6b1-8c56-462a-b88b-4a9cc8cfbf09',	'127a0435-db7b-4156-97c3-df56729e67e7',	'UPVOTE',	'2023-11-27 20:00:57',	'2023-11-27 20:00:57'),
('f684508d-c8d5-4b9c-b44e-7b0e1a5f59e0',	'89aa170a-b568-4ea3-8f7d-60a0428801d3',	'127a0435-db7b-4156-97c3-df56729e67e7',	'UPVOTE',	'2023-11-27 20:01:56',	'2023-11-27 20:01:56'),
('fa22dbe5-95fe-4f36-83b9-468359490232',	'bcbc08ba-ee1c-4ff2-a247-143ac314df06',	'127a0435-db7b-4156-97c3-df56729e67e7',	'UPVOTE',	'2023-11-27 19:52:50',	'2023-11-27 19:52:50'),
('fd00854c-20c9-46cc-bf27-ae0cedee072d',	'68c6a8d4-829b-4d26-b621-ec86ff47674b',	'127a0435-db7b-4156-97c3-df56729e67e7',	'UPVOTE',	'2023-11-27 19:58:37',	'2023-11-27 19:58:37'),
('ffead6af-db35-413b-a89d-156c4318a825',	'5bdf8508-5a92-4b11-933b-7fc4ad11658f',	'127a0435-db7b-4156-97c3-df56729e67e7',	'UPVOTE',	'2023-11-27 19:53:14',	'2023-11-27 19:53:14');

-- 2023-11-27 20:06:45
